source,name,price,revenue,profit,description,url,location,multiple
BizQuest,Established Online Household Goods Store,"$100,000","$350,000","$130,000",High-Demand Niche,https://www.bizquest.com/business-for-sale/established-online-household-goods-store/BW2388457/,"Piscataway, NJ",
BizQuest,Profitable 4-SKU Beauty FBA Brand â $50K+ Monthly Revenue,"$325,674","$602,832","$111,660",High-Margin Beauty Brand with 4 SKUs and Strong Monthly Sales,https://www.bizquest.com/business-for-sale/profitable-4-sku-beauty-fba-brand-50k-monthly-revenue/BW2369026/,"Austin, TX",
BizQuest,Amazon FBA Kids Brand â $7.2K Monthly Profit â Low Overhead,"$209,817","$432,228","$86,820",Simple 5-SKU Kids Brand with Strong Reviews and Easy Operations,https://www.bizquest.com/business-for-sale/amazon-fba-kids-brand-7-2k-monthly-profit-low-overhead/BW2362711/,"Dallas, TX",
BizQuest,Amazon FBA Pet Care Brand â $8.7K Monthly Profit â 49% YoY Revenue Gro,"$287,450",,"$104,532",Established Pet Brand with High Margins and Repeat Customers,https://www.bizquest.com/business-for-sale/amazon-fba-pet-care-brand-8-7k-monthly-profit-49-yoy-revenue-gro/BW2362692/,"Austin, TX",
BizQuest,Proven Office Supplies FBA Business with Stable Revenue,"$179,000",,"$238,800",Reliable Office Brand with Consistent Sales and Strong Demand,https://www.bizquest.com/business-for-sale/proven-office-supplies-fba-business-with-stable-revenue/BW2316210/,"New York, NY",
BizQuest,Thriving Sports FBA Business with High-Demand Products,"$257,500","$254,400","$93,600",Fast-Growing Sports Brand with Profitable Hero SKUs,https://www.bizquest.com/business-for-sale/thriving-sports-fba-business-with-high-demand-products/BW2315666/,"Austin, TX",
BizQuest,High-Growth Niche Medical Apparel FBA Business,"$275,000",,"$91,200",Profitable Medical Apparel Brand with Strong Market Demand,https://www.bizquest.com/business-for-sale/high-growth-niche-medical-apparel-fba-business/BW2314994/,"Austin, TX",
BizQuest,"70-Year Brand | B2B & DTC eCom | Cable, Power, & Industrial Products","$10,500,000",,"$2,020,757",Organic Sales | Full Management Team | 32% Repeat Order Rate,https://www.bizquest.com/business-for-sale/70-year-brand-b2b-and-dtc-ecom-cable-power-and-industrial-products/BW2387981/,"Tampa, FL",
BizQuest,Electrolyte Brand | US-Based Manufacturing | 65% YoY Growth,,"$17,442,054","$2,566,134",65% YoY Growth | $17.4M Revenue | $2.56M SDE,https://www.bizquest.com/business-for-sale/electrolyte-brand-us-based-manufacturing-65-yoy-growth/BW2384447/,Florida,
BizQuest,Growing Amazon FBA Premium STEM Kids Toys | Ready for Expansion,"$1,150,000","$3,614,069","$555,779",Strong Reviews,https://www.bizquest.com/business-for-sale/growing-amazon-fba-premium-stem-kids-toys-ready-for-expansion/BW2387053/,New York,
BizQuest,Precision Tune Auto Care,"$100,000",,,Precision Tune Auto Care has been in the automotive aftermarket business for more than 40 years. We know the industry and we make it easy for you to open and operate a successful auto repair franchise by giving you the tools you need.,https://www.bizquest.com/amazon-business-for-sale/,Available in Multiple Locations,
BizQuest,Established Orthotic Insole Brand | 78% YoY Growth | 75% Gross Margin,"$4,000,000","$6,200,291","$1,162,485",Rising AOV | Strong Brand,https://www.bizquest.com/business-for-sale/established-orthotic-insole-brand-78-yoy-growth-75-gross-margin/BW2384439/,New York,
BizQuest,Grocery Chain and Online Nat'l Distribution,"$494,500",,,Product in Top 10 Ingredients for Baking,https://www.bizquest.com/business-for-sale/grocery-chain-and-online-nat-l-distribution/BW2292994/,"Austin, TX",
BizQuest,SBA Pre-Qualified: 17-Year-Old Multichannel Consumer Tech Company,"$8,999,000",,"$2,653,336",YoY 24% Revenue & 22% SDE Growth | 3.4x Multiple,https://www.bizquest.com/business-for-sale/sba-pre-qualified-17-year-old-multichannel-consumer-tech-company/BW2277079/,Georgia,
BizQuest,Profitable Household Essentials Brand | Turnkey E-commerce Biz,"$95,000","$320,000","$130,000",Profitable Household Essentials E-Commerce Business,https://www.bizquest.com/business-for-sale/profitable-household-essentials-brand-turnkey-e-commerce-biz/BW2386952/,"Irvine, CA",
BizQuest,"Recession-Proof Amazon Store, Low-Risk, Fast Sale!","$155,000","$775,987","$775,987",Priced To Sell,https://www.bizquest.com/business-for-sale/recession-proof-amazon-store-low-risk-fast-sale/BW2386715/,"Los Angeles, CA",
BizQuest,24-Yr-Old Google-News-Certified Photography Platform | DR 72,"$199,000","$204,133","$79,905",202K Visitors/Mth | 100K Newsletter Subs,https://www.bizquest.com/business-for-sale/24-yr-old-google-news-certified-photography-platform-dr-72/BW2384442/,California,
BizQuest,EcoLife Essentials,"$150,000","$500,000","$90,000",Moving over 6000 units per month,https://www.bizquest.com/business-for-sale/ecolife-essentials/BW2330118/,"Washington County, TX",
BizQuest,Own a Thriving Fashion Brand: Established E-Commerce Business Availabl,"$115,000","$645,799","$163,500",Apparel E-Commerce Store,https://www.bizquest.com/business-for-sale/own-a-thriving-fashion-brand-established-e-commerce-business-availabl/BW2313293/,"Denver, CO",
BizQuest,"Private Label TOY business for sale (AMZ, Walmart + Trademarks)","$95,000",,"$65,000","Established Amazon brand for sale ""PYTAGORAS MAGNETS""",https://www.bizquest.com/business-for-sale/private-label-toy-business-for-sale-amz-walmart-trademarks/BW2263967/,"Broward County, FL",
BizQuest,"Auto Part Company W/Full Websites, Ebay, Amazon, Walmart.com Stores","$250,000",,"$50,000","Websites, Ebay/Amazon/Walmart Stores, Established Ecom",https://www.bizquest.com/business-for-sale/auto-part-company-w-full-websites-ebay-amazon-walmart-com-stores/BW2063617/,"Boulder County, CO",
BizQuest,All Tune Total Car Care,"$65,000",,,Join a trusted name in auto repair with a franchise that feels more like a partner than a corporation.,https://www.bizquest.com/amazon-business-for-sale/,Available in Multiple Locations,
BizQuest,Profitable Amazon FBA Beauty Brand with Amazonâs Choice Product,"$308,087",,,Top-Rated Product with Strong Margins & Verified Demand,https://www.bizquest.com/business-for-sale/profitable-amazon-fba-beauty-brand-with-amazons-choice-product/BW2332150/,"New York, NY",
BizQuest,Profitable & Powerful: Own a Breakthrough Cleaning Brand!,"$275,000",,"$100,000","Patent In Place, Client List, Manufacturing Equipment, and Primed For Growth!",https://www.bizquest.com/business-for-sale/profitable-and-powerful-own-a-breakthrough-cleaning-brand/BW2211754/,"Hamilton County, OH",
BizQuest,"Thriving Amazon Cleaning Products Store â $886K Sales, $124K Profit â","$149,000",,"$124,865",Name-brand demand meets rare distributor access,https://www.bizquest.com/business-for-sale/thriving-amazon-cleaning-products-store-886k-sales-124k-profit/BW2384670/,"Charlotte, NC",
BizQuest,Pain Relief KT Tape and Roll On Brand,"$450,000",,"$50,000",Pain Relief Product Brand,https://www.bizquest.com/business-for-sale/pain-relief-kt-tape-and-roll-on-brand/BW2327569/,"Fullerton, CA",
BizQuest,Home Gadgets Amazon Business: Apple Corer â $7k/Month,"$77,000",,"$28,685",Amazon Listing with amazing growth potential,https://www.bizquest.com/business-for-sale/home-gadgets-amazon-business-apple-corer-7k-month/BW2327098/,"Cook County, IL",
BizQuest,Growing and Profitable Amazon Kitchen Accessory Brand| Doing 4k/Month,"$55,000",,"$20,650",Amazon Listing with Great Growth Potential,https://www.bizquest.com/business-for-sale/growing-and-profitable-amazon-kitchen-accessory-brand-doing-4k-month/BW2327071/,"Los Angeles County, CA",
BizQuest,33+ Year Established Sign Business for Sale â Great Location,"$795,000",,"$177,096",Fully Equipped & Staffed Sign Shop,https://www.bizquest.com/business-for-sale/33-year-established-sign-business-for-sale-great-location/BW2372412/,"Lexington, KY",
BizQuest,E-Commerce Camera and Electronics Amazon store,"$640,000",,"$400,000",Profitable Amazon FBM used camera and electronics business,https://www.bizquest.com/business-for-sale/e-commerce-camera-and-electronics-amazon-store/BW2331520/,"Hillsborough County, FL",
BizQuest,"Exclusive U.S. Distributor of Growth-Ready Beauty Brand | Amazon, DTC","$200,000",,,Turnkey Beauty Brand to scale in U.S.,https://www.bizquest.com/business-for-sale/exclusive-u-s-distributor-of-growth-ready-beauty-brand-amazon-dtc/BW2369362/,"Los Angeles County, CA",
BizQuest,$28M Global Footwear Platform | Distressed Business,,,,Strategic Liquidation Complete | 21 Channels | Recovery Ready,https://www.bizquest.com/business-for-sale/28m-global-footwear-platform-distressed-business/BW2382260/,New York,
BizQuest,Fast-Growing Branded Amazon FBA Business in the Health & Wellness,"$435,000",,,Amazon FBA business,https://www.bizquest.com/business-for-sale/fast-growing-branded-amazon-fba-business-in-the-health-and-wellness/BW2360984/,Florida,
BizQuest,14-Year-Old Travel Content Site | 80% Affiliate | Strong DA,"$520,000",,"$257,795",Strong Domain Authority | Transferable Team,https://www.bizquest.com/business-for-sale/14-year-old-travel-content-site-80-affiliate-strong-da/BW2380881/,North Carolina,
BizQuest,10-Year-Old Amazon FBA and Shopify Nootropics Business,"$425,000",,"$142,047",Solid Reputation | High Margins,https://www.bizquest.com/business-for-sale/10-year-old-amazon-fba-and-shopify-nootropics-business/BW2380791/,Ohio,
BizQuest,"Profitable Supplement Store â $720K Sales in 2024, Turn-Key","$136,000",,"$109,365",High-repeat customers top supplier deal = plug?and?play store needing less tha,https://www.bizquest.com/business-for-sale/profitable-supplement-store-720k-sales-in-2024-turn-key/BW2381570/,"Virginia Beach, VA",
BizQuest,Profitable Tax Audit Defense & Advisory Firm â Miami (Relocatable),"$75,000",,"$180,000",650+ tax preparers interested in B2B rollout,https://www.bizquest.com/business-for-sale/profitable-tax-audit-defense-and-advisory-firm-miami-relocatable/BW2358978/,"Miami, FL",
BizQuest,Vertically Integrated CPG Innovation Engine | $30M IP | Retail + eCom,"$10,000,000",,"$1,907,819",OmniChannel Sales Model | Full Team in Place | Highly Scalable,https://www.bizquest.com/business-for-sale/vertically-integrated-cpg-innovation-engine-30m-ip-retail-ecom/BW2381332/,"Tampa, FL",
BizQuest,Top Rooftop Tent Brand | $3.6M Revenue | Vehicle Service Division,"$2,600,000",,"$160,000",Opportunity to move manufacturing to America,https://www.bizquest.com/business-for-sale/top-rooftop-tent-brand-3-6m-revenue-vehicle-service-division/BW2358815/,Colorado,
BizQuest,Hair Care Products Manufacturer with 70% YOY Growth,,,,"Has the #1 ranked products on Amazon & is sold at Walmart, CVS, etc",https://www.bizquest.com/business-for-sale/hair-care-products-manufacturer-with-70-yoy-growth/BW2358792/,New York,
BizQuest,Turnkey 3PL Kitchen Essentials Brand Full-Service Fulfillment Include,"$99,000",,"$50,000","Streamlined kitchen brand with 3PL logistics, ready for easy takeover",https://www.bizquest.com/business-for-sale/turnkey-3pl-kitchen-essentials-brand-full-service-fulfillment-include/BW2380960/,"Owings Mills, MD",
BizQuest,Kitchen & Home Essentials E-Com Store | Multi-Platform | 3PL,"$110,000",,"$50,000",Own a fully operational e-commerce business with outsourced logistics,https://www.bizquest.com/business-for-sale/kitchen-and-home-essentials-e-com-store-multi-platform-3pl/BW2380442/,"Lawrenceville, GA",
BizQuest,10-Yr-Old Content & Software Business Focused on Magic: The Gathering,"$2,325,000",,"$692,549",Low Workload | Steady Growth,https://www.bizquest.com/business-for-sale/10-yr-old-content-and-software-business-focused-on-magic-the-gathering/BW2379902/,California,
BizQuest,Exclusive Sports Merchandise Wholesaler Business,"$4,554,000",,"$518,000",High-Margin Sports Wholesale Biz | NFL Licensed,https://www.bizquest.com/business-for-sale/exclusive-sports-merchandise-wholesaler-business/BW2379779/,"Orlando, FL",
BizQuest,Year-Round Essentials Amazon Store | $102K Profit | Quick Sale,"$125,000",,"$101,965",Priced for a quick sale,https://www.bizquest.com/business-for-sale/year-round-essentials-amazon-store-102k-profit-quick-sale/BW2378919/,"Cleveland, OH",
BizQuest,Profitable Amazon FBA Sports Brand â $6.8K Monthly Profit â 27% Margin,"$265,503",,"$81,696",Outdoor trending items,https://www.bizquest.com/business-for-sale/profitable-amazon-fba-sports-brand-6-8k-monthly-profit-27-margin/BW2355694/,"Brooklyn, NY",
BizQuest,Luxury Preserved Flowers & Gift Wrapping Store in Brickell (E2),"$395,000",,,Manufacturing/assembly + Services (dual line of business),https://www.bizquest.com/business-for-sale/luxury-preserved-flowers-and-gift-wrapping-store-in-brickell-e2/BW2350179/,"Miami, FL",
BizQuest,Aesthetic Development Group,"$13,500",,,"Aesthetic Development Group is an affordable, turnkey business opportunity, offering body contouring and facial rejuvenation service lines to both new and established practices.",https://www.bizquest.com/amazon-business-for-sale/,Available Nationwide,
BizQuest,Asset Sale for #1 Selling Hair Accessory on Amazon & QVC,"$95,000",,,Brand IP for Sale: Patented Hair Accessory Seen on Celebs & TV,https://www.bizquest.com/business-for-sale/asset-sale-for-1-selling-hair-accessory-on-amazon-and-qvc/BW2301415/,"Monmouth County, NJ",
BizQuest,"Well-known, brand-name guitar pedal company for sale.","$350,000",,"$136,000",Established in 1994. A household name in the music industry.,https://www.bizquest.com/business-for-sale/well-known-brand-name-guitar-pedal-company-for-sale/BW2376858/,"San Diego, CA",
BizQuest,Hands Off Profitable Amazon Listing,"$88,628",,"$34,306",Great Passive Income Generating Amazon Listing,https://www.bizquest.com/business-for-sale/hands-off-profitable-amazon-listing/BW2369538/,"Salt Lake City, UT",
BizQuest,Fully Managed Wholesale Business â Passive Income Opportunity,"$95,000",,"$52,000",Home & Office Essentials Wholesale Business â Ready to Scale!,https://www.bizquest.com/business-for-sale/fully-managed-wholesale-business-passive-income-opportunity/BW2319314/,"Hillsborough County, FL",
BizQuest,"Yock Noodles manufacturer since 1930""s",,,"$360,000",Well Known authentic Yock Mein,https://www.bizquest.com/business-for-sale/yock-noodles-manufacturer-since-1930-s/BW2376260/,"Norfolk, VA",
BizQuest,Dryer Vent Wizard,"$50,000",,,"Dryer Vent Wizard, a Neighborly company, is the nation's leading dryer vent cleaning and repair services franchise that capitalizes on a niche industry.",https://www.bizquest.com/amazon-business-for-sale/,Available Nationwide,
