source,name,price,revenue,profit,description,url,multiple
EmpireFlippers,Supplements Amazon FBA Business,"$1,467,148","$109,126","$43,151","Established in 2019, this profitable and fully automated FBA brand specializes in women's skincare p... Read more",https://empireflippers.com/listing/85542/,
EmpireFlippers,Children Amazon FBA Business,"$616,064","$84,014","$15,402",This listing is for a well-run Amazon FBA brand created in 2022. The business sells products niched ... Read more,https://empireflippers.com/listing/85705/,
EmpireFlippers,Kitchenware Amazon FBA Business,"$178,664","$35,217","$5,255","This Amazon FBA business, established in February 2020, operates in the home and kitchen niches with... Read more",https://empireflippers.com/listing/83099/,
EmpireFlippers,Apparel & Accessories Amazon FBA Business,"$92,823","$42,923","$4,219","Launched in 2017, this UK-based Amazon FBA and eCommerce business sells a highly giftable winter app... Read more",https://empireflippers.com/listing/86131/,
EmpireFlippers,Home Amazon FBA Business,"$4,630,892","$398,009","$107,695","Founded in 2019, this global, fast-growing eCommerce and FBA brand designs and sells innovative conn... Read more",https://empireflippers.com/listing/83512/,
EmpireFlippers,Survival & Security Amazon FBA Business,"$4,464,410","$291,927","$106,295","This listing features an Amazon FBA and eCommerce brand established in June 2021, operating in the s... Read more",https://empireflippers.com/listing/85679/,
EmpireFlippers,Food & Beverages Amazon FBA Business,"$3,877,009","$306,984","$84,282","Established in 2020, this Amazon FBA business specializes in selling herbal teas targeting the healt... Read more",https://empireflippers.com/listing/81411/,
EmpireFlippers,Outdoors Amazon FBA Business,"$2,578,071","$625,065","$66,104",This listing is for an Amazon FBA and Shopify business established in January 2015 in the outdoors a... Read more,https://empireflippers.com/listing/78155/,
EmpireFlippers,Gaming Amazon FBA Business,"$2,149,525","$119,377","$61,415","This Amazon FBA business, established in December 2021, operates in the gaming and hobbies niche wit... Read more",https://empireflippers.com/listing/85190/,
EmpireFlippers,Sports Amazon FBA Business,"$2,135,348","$251,659","$54,753","Launched in 2019, this Amazon FBA business operates in the Health & Fitness and Sports niches, selli... Read more",https://empireflippers.com/listing/82659/,
EmpireFlippers,Supplements Amazon FBA Business,"$1,886,304","$212,548","$44,912",This Amazon FBA business was launched in 2018 and operates in the health and food supplements niche.... Read more,https://empireflippers.com/listing/83222/,
EmpireFlippers,Health & Fitness Amazon FBA Business,"$1,474,972","$66,382","$40,971",This listing is for a very well-run Amazon FBA brand selling supplements in the health niche. The su... Read more,https://empireflippers.com/listing/85543/,
EmpireFlippers,Home Amazon FBA Business,"$1,332,855","$343,307","$44,429",This listing is for a well-run FBA business selling a large range of niched-down home products. The ... Read more,https://empireflippers.com/listing/80537/,
EmpireFlippers,News & Education eCommerce Business,"$1,286,461","$99,638","$32,986","This listing is for a very well-run brand started in 2019, selling niched down, highly useful educat... Read more",https://empireflippers.com/listing/86122/,
EmpireFlippers,Home Amazon FBA Business,"$1,149,823","$172,759","$28,746",This listing is for an Amazon FBA business created in January 2009 in the home niche. The account is... Read more,https://empireflippers.com/listing/75164/,
EmpireFlippers,Hobbies Amazon FBA Business,"$928,318","$118,174","$25,787",This listing is for an Amazon FBA business created in December 2020 in the hobbies and gaming niches... Read more,https://empireflippers.com/listing/73549/,
EmpireFlippers,Health & Fitness eCommerce Business,"$801,356","$156,451","$25,042",This listing is for a well-branded business selling a small but successful number of SKUs in the hea... Read more,https://empireflippers.com/listing/79690/,
EmpireFlippers,Apparel & Accessories Amazon FBA Business,"$690,288","$99,346","$23,010","This listing is for an eCommerce, Amazon FBA and B2B business created in early 2017 in the Apparel &... Read more",https://empireflippers.com/listing/84446/,
EmpireFlippers,Electronics Amazon FBA Business,"$672,238","$182,042","$18,169",This listing is for a long-standing Amazon FBA and eCommerce business in the electronics niche - wit... Read more,https://empireflippers.com/listing/80929/,
EmpireFlippers,Health & Fitness Amazon FBA Business,"$668,174","$50,585","$23,863","This listing is for an Amazon FBA brand started in 2022, selling a very well-niched down small numbe... Read more",https://empireflippers.com/listing/85540/,
EmpireFlippers,Medical Amazon FBA Business,"$609,506","$92,608","$17,414","Founded in April 2017, this thriving FBA business operates primarily in the hobbies and medical acce... Read more",https://empireflippers.com/listing/81005/,
EmpireFlippers,Home Amazon FBA Business,"$601,587","$83,302","$17,188",This is a unique opportunity to acquire a well-established Amazon FBA business in the home décor ni... Read more,https://empireflippers.com/listing/83385/,
EmpireFlippers,Supplements Amazon FBA Business,"$536,060","$105,436","$19,146","Launched in 2017, this Amazon FBA and e-commerce business is among the first to offer a wider range ... Read more",https://empireflippers.com/listing/86137/,
EmpireFlippers,Personal Care Amazon FBA Business,"$513,627","$64,307","$13,517","This Amazon FBA business operates in the personal care niche, selling memory foam products designed ... Read more",https://empireflippers.com/listing/81186/,
EmpireFlippers,Home Amazon FBA Business,"$464,140","$148,583","$16,576","Launched in January 2018, this UK-based Amazon FBA business specializes in selling picture frames, a... Read more",https://empireflippers.com/listing/74827/,
EmpireFlippers,Health & Fitness Amazon FBA Business,"$421,061","$134,001","$18,038","Established in September 2019, this Amazon FBA business operates within the alternative health, occa... Read more",https://empireflippers.com/listing/85829/,
EmpireFlippers,Survival & Security Amazon FBA Business,"$402,291","$69,835","$10,873","Established in May 2021, this Amazon FBA business features three trademarked and Amazon brand-regist... Read more",https://empireflippers.com/listing/86010/,
EmpireFlippers,Kitchenware Amazon FBA Business,"$389,788","$47,404","$11,812","Launched in 2021, this Amazon FBA business specializes in premium wooden kitchen products crafted fr... Read more",https://empireflippers.com/listing/81962/,
EmpireFlippers,Travel Amazon FBA Business,"$361,186","$65,233","$10,033",This listing is for an Amazon FBA and eCommerce business in the travel niche - started in 2017. The ... Read more,https://empireflippers.com/listing/80114/,
EmpireFlippers,Health & Fitness Amazon FBA Business,"$335,338","$40,333","$12,898",This listing is a bundle of three Amazon FBA brands started between 2021 and 2023. Each brand is nic... Read more,https://empireflippers.com/listing/85515/,
EmpireFlippers,Home Amazon FBA Business,"$324,013","$46,321","$9,819","Launched in June 2022, this Amazon FBA business operates within the home décor niche, offering uniq... Read more",https://empireflippers.com/listing/84258/,
EmpireFlippers,Personal Care Amazon FBA Business,"$289,143","$71,550","$8,762",This listing is for an Amazon FBA business in the beauty niche. This business focuses on selling pro... Read more,https://empireflippers.com/listing/76860/,
EmpireFlippers,Personal Care Amazon FBA Business,"$287,183","$67,673","$9,264","Launched in 2020, this Amazon FBA business consists of two brands spanning the Personal Care and Kit... Read more",https://empireflippers.com/listing/85248/,
EmpireFlippers,Outdoors Amazon FBA Business,"$283,728","$55,006","$10,913","This listing is for an Amazon FBA business created in December 2021 and operating in the home, outdo... Read more",https://empireflippers.com/listing/77346/,
EmpireFlippers,Kitchenware Amazon FBA Business,"$248,190","$50,240","$8,274","This listing is for an Amazon FBA business established in August 2016, operating in the coffee prepa... Read more",https://empireflippers.com/listing/86128/,
EmpireFlippers,Pet Care Amazon FBA Business,"$247,184","$34,111","$8,239","Established in 2021, this UK-based Amazon FBA business operates in the pet niche, offering calming s... Read more",https://empireflippers.com/listing/81906/,
EmpireFlippers,Sports Amazon FBA Business,"$242,936","$23,747","$6,073","Launched in May 2021, this Amazon FBA business operates in the sports niche with a single, well-opti... Read more",https://empireflippers.com/listing/85548/,
EmpireFlippers,Personal Care Amazon FBA Business,"$229,961","$17,464","$5,609",This listing is for an easy-to-manage Amazon FBA business started in late 2023. The business has a s... Read more,https://empireflippers.com/listing/85630/,
EmpireFlippers,Home Amazon FBA Business,"$200,231","$26,495","$7,416",This listing is for an Amazon FBA business created in November 2021 in the home and lifestyle niches... Read more,https://empireflippers.com/listing/78042/,
EmpireFlippers,Apparel & Accessories Amazon FBA Business,"$198,005","$121,796","$7,334","This listing is for an Amazon FBA and eCommerce business established in 2017, encompassing a portfol... Read more",https://empireflippers.com/listing/81913/,
EmpireFlippers,Home Amazon FBA Business,"$185,608","$21,831","$7,734","For sale is an Amazon FBA and eCommerce business established in February 2013 operating in the Home,... Read more",https://empireflippers.com/listing/83866/,
EmpireFlippers,Pet Care eCommerce Business,"$185,112","$14,310","$5,785","This listing is for a business created in 2019 in the pet care, health, and supplements niches. The ... Read more",https://empireflippers.com/listing/85547/,
EmpireFlippers,Culinary Amazon FBA Business,"$168,990","$44,675","$6,760",This listing features an established Amazon FBA business operating in the culinary and kitchenware n... Read more,https://empireflippers.com/listing/83227/,
EmpireFlippers,Children Amazon FBA Business,"$167,796","$32,571","$6,712",This listing is for an Amazon FBA business that started in early 2023. There is a very small range o... Read more,https://empireflippers.com/listing/83610/,
EmpireFlippers,Sports Amazon FBA Business,"$166,281","$19,930","$5,939","Launched in 2023, this Amazon FBA business sells a home exercise product within the health & fitness... Read more",https://empireflippers.com/listing/85067/,
EmpireFlippers,Kitchenware Amazon FBA Business,"$156,106","$33,783","$4,336","This Amazon FBA business was established in September 2022 and operates in the kitchenware niche, of... Read more",https://empireflippers.com/listing/83333/,
EmpireFlippers,Medical Amazon FBA Business,"$155,846","$41,490","$4,723",This listing is for an Amazon FBA business selling medical equipment niched down to specific purpose... Read more,https://empireflippers.com/listing/81294/,
EmpireFlippers,Apparel & Accessories Amazon FBA Business,"$150,358","$14,581","$4,699","This is a profitable Amazon FBA/FBM business operating primarily in the UK, specializing in custom I... Read more",https://empireflippers.com/listing/83639/,
EmpireFlippers,Apparel & Accessories Amazon FBA Business,"$146,526","$50,028","$7,326",This listing is for an FBA business with two brands - one focused on a niched-down type of apparel a... Read more,https://empireflippers.com/listing/81363/,
EmpireFlippers,Health & Fitness Amazon FBA Business,"$145,170","$35,871","$4,839","Launched in 2020, this German eCommerce and FBA business operates in the fitness equipment niche. Th... Read more",https://empireflippers.com/listing/85243/,
EmpireFlippers,Entertainment Amazon FBA Business,"$138,858","$20,622","$3,967",This listing is for a growing Amazon FBA business that started in 2023 in the entertainment and gift... Read more,https://empireflippers.com/listing/83685/,
EmpireFlippers,Apparel & Accessories Amazon FBA Business,"$129,814","$10,765","$3,416",This listing is for an Amazon FBA and eCommerce business created in July 2017 in the apparel & acces... Read more,https://empireflippers.com/listing/81430/,
EmpireFlippers,Sports Amazon FBA Business,"$127,876","$29,660","$4,410","This Amazon FBA business, established in February 2020, operates in the sports niche, offering 30 hi... Read more",https://empireflippers.com/listing/83552/,
EmpireFlippers,Automotive Amazon FBA Business,"$121,339","$23,042","$3,792",This listing is for an Amazon FBA business created in April 2021 in the automotive niche. Included i... Read more,https://empireflippers.com/listing/76419/,
EmpireFlippers,Home Amazon FBA Business,"$116,858","$23,930","$4,030","This EU-based Amazon FBA business operates in the Home niche, selling compact, lightweight attachmen... Read more",https://empireflippers.com/listing/84829/,
EmpireFlippers,Occasions & Gifts Amazon FBA Business,"$109,648","$23,660","$4,984","Launched in 2015, this UK-based Amazon FBA business sells a single custom-printed Kitchenware produc... Read more",https://empireflippers.com/listing/85051/,
EmpireFlippers,Health & Fitness Amazon FBA Business,"$108,930","$25,630","$3,404",This listing is for an Amazon FBA business created in October 2015 in the health & fitness and medic... Read more,https://empireflippers.com/listing/79895/,
EmpireFlippers,Pet Care Amazon FBA Business,"$104,772","$36,285","$3,274","This Amazon FBA business, established in December 2020, operates in the evergreen and highly passion... Read more",https://empireflippers.com/listing/81531/,
EmpireFlippers,Apparel & Accessories eCommerce Business,"$101,172","$14,314","$3,613","Launched in 2014, this eCommerce business operates in the apparel & accessories niche, offering a so... Read more",https://empireflippers.com/listing/83317/,
EmpireFlippers,Health & Fitness Amazon FBA Business,"$101,114","$25,532","$4,213",This listing is for an Amazon FBA business created in July 2022. The business sells 20 SKUs related ... Read more,https://empireflippers.com/listing/81753/,
EmpireFlippers,Travel Amazon FBA Business,"$98,549","$23,062","$2,737","This Amazon FBA business, launched in February 2022, offers a single high-performing SKU in the baby... Read more",https://empireflippers.com/listing/84949/,
EmpireFlippers,Apparel & Accessories Amazon FBA Business,"$97,847","$40,263","$4,892","Founded in 2022, this Amazon FBA business offers a range of garment protection and storage products.... Read more",https://empireflippers.com/listing/82377/,
EmpireFlippers,Office Supply Amazon FBA Business,"$97,118","$19,084","$3,735","Founded in November 2017, this established Amazon FBA business operates in the Office Supply and Chi... Read more",https://empireflippers.com/listing/84002/,
EmpireFlippers,Kitchenware Amazon FBA Business,"$97,050","$25,064","$3,882",This listing is for an Amazon FBA business created in October 2018 in the kitchen niche. The account... Read more,https://empireflippers.com/listing/80142/,
EmpireFlippers,Apparel & Accessories Amazon FBA Business,"$72,825","$26,214","$4,855",This Amazon FBA business sells a specific footwear accessory across the EU and US markets. Notable s... Read more,https://empireflippers.com/listing/84697/,
EmpireFlippers,Kitchenware Amazon FBA Business,"$68,321","$21,289","$2,070","Established in 2016, this Amazon FBA and eCommerce business sells a Bathroom utility product across ... Read more",https://empireflippers.com/listing/84385/,
EmpireFlippers,Personal Care Amazon FBA Business,"$65,926","$13,455","$2,198","This Amazon FBA business, established in the UK, operates exclusively within Amazon UK, offering a f... Read more",https://empireflippers.com/listing/83493/,
EmpireFlippers,Art Amazon FBA Business,"$62,435","$9,578","$1,734","Established in March 2019, this Amazon FBA business specializes in the arts and home décor niches, ... Read more",https://empireflippers.com/listing/82534/,
EmpireFlippers,Beauty Amazon FBA Business,"$50,640","$8,439","$3,895","This listing is for an Amazon FBA business in the beauty and wellness space, started in July 2022. T... Read more",https://empireflippers.com/listing/83723/,
EmpireFlippers,Personal Care Amazon FBA Business,"$46,103","$7,373","$1,356","Launched in 2022, this Amazon FBA business specializes in eco-friendly bathroom products made with n... Read more",https://empireflippers.com/listing/81126/,
